,name,marka,model,parts_number,oll_number,image_url,price,group
0,Насос основной,Doosan,dx225,400914-00212,122,https://гидро-насос.рф/wp-content/uploads/2019/02/31Q9-10030-1-480x480.jpg,220000,насос/гидравлический/основной
1,Насос основной,Doosan,dx225,k1000698,122,https://гидро-насос.рф/wp-content/uploads/2019/02/31Q9-10030-1-480x480.jpg,220000,насос/гидравлический/основной
2,Насос основной,Doosan,dx300,31q8-10030,100,https://гидро-насос.рф/wp-content/uploads/2019/02/31Q9-10030-1-480x480.jpg,360000,насос/гидравлический/основной
3,Насос основной,Doosan,dx340,401-00253,127,https://гидро-насос.рф/wp-content/uploads/2019/02/31Q9-10030-1-480x480.jpg,360000,насос/гидравлический/основной
4,Насос основной,Doosan,dx340,400914-00245,127,https://гидро-насос.рф/wp-content/uploads/2019/02/31Q9-10030-1-480x480.jpg,360000,насос/гидравлический/основной
5,Насос основной,Doosan,dx420,400914-00269,128,https://гидро-насос.рф/wp-content/uploads/2019/02/31Q9-10030-1-480x480.jpg,360000,насос/гидравлический/основной
6,Насос основной,Doosan,dx420,400914-00284,128,https://гидро-насос.рф/wp-content/uploads/2019/02/31Q9-10030-1-480x480.jpg,360000,насос/гидравлический/основной
7,Насос основной,Volvo,ec180,14533644,104,https://гидро-насос.рф/wp-content/uploads/2019/02/31Q9-10030-1-480x480.jpg,150000,насос/гидравлический/основной
8,Насос основной,Volvo,ec210,14595621,103,https://гидро-насос.рф/wp-content/uploads/2019/02/31Q9-10030-1-480x480.jpg,150000,насос/гидравлический/основной
9,Насос основной,Volvo,ec210,14531856,103,https://гидро-насос.рф/wp-content/uploads/2019/02/31Q9-10030-1-480x480.jpg,150000,насос/гидравлический/основной
10,Насос основной,Volvo,ec240,14595621,103,https://гидро-насос.рф/wp-content/uploads/2019/02/31Q9-10030-1-480x480.jpg,150000,насос/гидравлический/основной
11,Насос основной,Volvo,ec240,14531856,103,https://гидро-насос.рф/wp-content/uploads/2019/02/31Q9-10030-1-480x480.jpg,150000,насос/гидравлический/основной
12,Насос основной,Volvo,ec290,14524052,102,https://гидро-насос.рф/wp-content/uploads/2019/02/31Q9-10030-1-480x480.jpg,200000,насос/гидравлический/основной
13,Насос основной,Volvo,ec360,14566659,101,https://гидро-насос.рф/wp-content/uploads/2019/02/31Q9-10030-1-480x480.jpg,200000,насос/гидравлический/основной
14,Насос основной,Volvo,ec360,14566480,105,https://гидро-насос.рф/wp-content/uploads/2019/02/31Q9-10030-1-480x480.jpg,360000,насос/гидравлический/основной
15,Насос основной,Volvo,ec460,14526609,106,https://гидро-насос.рф/wp-content/uploads/2019/02/31Q9-10030-1-480x480.jpg,360000,насос/гидравлический/основной
16,Насос основной,Hyundai,r140lc-7,31n3-10011,107,https://гидро-насос.рф/wp-content/uploads/2019/02/31Q9-10030-1-480x480.jpg,150000,насос/гидравлический/основной
17,Насос основной,Hyundai,r140lc-9,31q4-10020,114,https://гидро-насос.рф/wp-content/uploads/2019/02/31Q9-10030-1-480x480.jpg,150000,насос/гидравлический/основной
18,Насос основной,Hyundai,r140lc-9,31q4-10010,114,https://гидро-насос.рф/wp-content/uploads/2019/02/31Q9-10030-1-480x480.jpg,150000,насос/гидравлический/основной
19,Насос основной,Hyundai,r140w-7,31n3-10011,108,https://гидро-насос.рф/wp-content/uploads/2019/02/31Q9-10030-1-480x480.jpg,150000,насос/гидравлический/основной
20,Насос основной,Hyundai,r140w-9,31q4-15030,115,https://гидро-насос.рф/wp-content/uploads/2019/02/31Q9-10030-1-480x480.jpg,150000,насос/гидравлический/основной
21,Насос основной,Hyundai,r160lc-7,31n5-10011,109,https://гидро-насос.рф/wp-content/uploads/2019/02/31Q9-10030-1-480x480.jpg,150000,насос/гидравлический/основной
22,Насос основной,Hyundai,r160lc-7,31n5-10030,109,https://гидро-насос.рф/wp-content/uploads/2019/02/31Q9-10030-1-480x480.jpg,150000,насос/гидравлический/основной
23,Насос основной,Hyundai,r180lc-7,31n5-10011,109,https://гидро-насос.рф/wp-content/uploads/2019/02/31Q9-10030-1-480x480.jpg,150000,насос/гидравлический/основной
24,Насос основной,Hyundai,r180lc-7,31n5-10030,109,https://гидро-насос.рф/wp-content/uploads/2019/02/31Q9-10030-1-480x480.jpg,150000,насос/гидравлический/основной
25,Насос основной,Hyundai,r160lc-9,31q5-10010,116,https://гидро-насос.рф/wp-content/uploads/2019/02/31Q9-10030-1-480x480.jpg,150000,насос/гидравлический/основной
26,Насос основной,Hyundai,r160lc-9,31q5-10020,116,https://гидро-насос.рф/wp-content/uploads/2019/02/31Q9-10030-1-480x480.jpg,150000,насос/гидравлический/основной
27,Насос основной,Hyundai,r180lc-9,31q5-10010,116,https://гидро-насос.рф/wp-content/uploads/2019/02/31Q9-10030-1-480x480.jpg,150000,насос/гидравлический/основной
28,Насос основной,Hyundai,r180lc-9,31q5-10020,116,https://гидро-насос.рф/wp-content/uploads/2019/02/31Q9-10030-1-480x480.jpg,150000,насос/гидравлический/основной
29,Насос основной,Hyundai,r170w-7,31n5-15020,110,https://гидро-насос.рф/wp-content/uploads/2019/02/31Q9-10030-1-480x480.jpg,150000,насос/гидравлический/основной
30,Насос основной,Hyundai,r170w-7,31n5-15030,110,https://гидро-насос.рф/wp-content/uploads/2019/02/31Q9-10030-1-480x480.jpg,150000,насос/гидравлический/основной
31,Насос основной,Hyundai,r170w-7,31n5-15010,110,https://гидро-насос.рф/wp-content/uploads/2019/02/31Q9-10030-1-480x480.jpg,150000,насос/гидравлический/основной
32,Насос основной,Hyundai,r170w-7,31n5-15011,110,https://гидро-насос.рф/wp-content/uploads/2019/02/31Q9-10030-1-480x480.jpg,150000,насос/гидравлический/основной
33,Насос основной,Hyundai,r170w-9,31q5-15030,117,https://гидро-насос.рф/wp-content/uploads/2019/02/31Q9-10030-1-480x480.jpg,150000,насос/гидравлический/основной
34,Насос основной,Hyundai,r170w-9,k5v80dtp,117,https://гидро-насос.рф/wp-content/uploads/2019/02/31Q9-10030-1-480x480.jpg,150000,насос/гидравлический/основной
35,Насос основной,Hyundai,r180w-9,31q5-15030,117,https://гидро-насос.рф/wp-content/uploads/2019/02/31Q9-10030-1-480x480.jpg,150000,насос/гидравлический/основной
36,Насос основной,Hyundai,r180w-9,k5v80dtp,117,https://гидро-насос.рф/wp-content/uploads/2019/02/31Q9-10030-1-480x480.jpg,150000,насос/гидравлический/основной
37,Насос основной,Hyundai,r210lc-7,k3v112dt,111,https://гидро-насос.рф/wp-content/uploads/2019/02/31Q9-10030-1-480x480.jpg,180000,насос/гидравлический/основной
38,Насос основной,Hyundai,r210lc-7,31n6-10010,111,https://гидро-насос.рф/wp-content/uploads/2019/02/31Q9-10030-1-480x480.jpg,180000,насос/гидравлический/основной
39,Насос основной,Hyundai,r210lc-7,31n6-10050,111,https://гидро-насос.рф/wp-content/uploads/2019/02/31Q9-10030-1-480x480.jpg,180000,насос/гидравлический/основной
40,Насос основной,Hyundai,r210lc-7,31n6-10051,111,https://гидро-насос.рф/wp-content/uploads/2019/02/31Q9-10030-1-480x480.jpg,180000,насос/гидравлический/основной
41,Насос основной,Hyundai,r210lc-7,31n6-10080,111,https://гидро-насос.рф/wp-content/uploads/2019/02/31Q9-10030-1-480x480.jpg,180000,насос/гидравлический/основной
42,Насос основной,Hyundai,r210lc-7,31n6-10020,111,https://гидро-насос.рф/wp-content/uploads/2019/02/31Q9-10030-1-480x480.jpg,180000,насос/гидравлический/основной
43,Насос основной,Hyundai,r210lc-7,31n7-10010,111,https://гидро-насос.рф/wp-content/uploads/2019/02/31Q9-10030-1-480x480.jpg,180000,насос/гидравлический/основной
44,Насос основной,Hyundai,r210lc-7,31n6-10051,111,https://гидро-насос.рф/wp-content/uploads/2019/02/31Q9-10030-1-480x480.jpg,180000,насос/гидравлический/основной
45,Насос основной,Hyundai,r250lc-7,k3v112dt,111,https://гидро-насос.рф/wp-content/uploads/2019/02/31Q9-10030-1-480x480.jpg,180000,насос/гидравлический/основной
46,Насос основной,Hyundai,r250lc-7,31n6-10010,111,https://гидро-насос.рф/wp-content/uploads/2019/02/31Q9-10030-1-480x480.jpg,180000,насос/гидравлический/основной
47,Насос основной,Hyundai,r250lc-7,31n6-10050,111,https://гидро-насос.рф/wp-content/uploads/2019/02/31Q9-10030-1-480x480.jpg,180000,насос/гидравлический/основной
48,Насос основной,Hyundai,r250lc-7,31n6-10051,111,https://гидро-насос.рф/wp-content/uploads/2019/02/31Q9-10030-1-480x480.jpg,180000,насос/гидравлический/основной
49,Насос основной,Hyundai,r250lc-7,31n6-10080,111,https://гидро-насос.рф/wp-content/uploads/2019/02/31Q9-10030-1-480x480.jpg,180000,насос/гидравлический/основной
50,Насос основной,Hyundai,r250lc-7,31n6-10020,111,https://гидро-насос.рф/wp-content/uploads/2019/02/31Q9-10030-1-480x480.jpg,180000,насос/гидравлический/основной
51,Насос основной,Hyundai,r250lc-7,31n7-10010,111,https://гидро-насос.рф/wp-content/uploads/2019/02/31Q9-10030-1-480x480.jpg,180000,насос/гидравлический/основной
52,Насос основной,Hyundai,r250lc-7,31n6-10051,111,https://гидро-насос.рф/wp-content/uploads/2019/02/31Q9-10030-1-480x480.jpg,180000,насос/гидравлический/основной
53,Насос основной,Hyundai,r260lc-9,31q6-10050,118,https://гидро-насос.рф/wp-content/uploads/2019/02/31Q9-10030-1-480x480.jpg,220000,насос/гидравлический/основной
54,Насос основной,Hyundai,r260lc-9,31q7-10050,118,https://гидро-насос.рф/wp-content/uploads/2019/02/31Q9-10030-1-480x480.jpg,220000,насос/гидравлический/основной
55,Насос основной,Hyundai,r290lc-7,31n8-10070,112,https://гидро-насос.рф/wp-content/uploads/2019/02/31Q9-10030-1-480x480.jpg,220000,насос/гидравлический/основной
56,Насос основной,Hyundai,r290lc-7,31n8-10080,112,https://гидро-насос.рф/wp-content/uploads/2019/02/31Q9-10030-1-480x480.jpg,220000,насос/гидравлический/основной
57,Насос основной,Hyundai,r290lc-7,31n8-10030,112,https://гидро-насос.рф/wp-content/uploads/2019/02/31Q9-10030-1-480x480.jpg,220000,насос/гидравлический/основной
58,Насос основной,Hyundai,r290lc-7,31n8-10050,112,https://гидро-насос.рф/wp-content/uploads/2019/02/31Q9-10030-1-480x480.jpg,220000,насос/гидравлический/основной
59,Насос основной,Hyundai,r290lc-9,31q8-10010,100,https://гидро-насос.рф/wp-content/uploads/2019/02/31Q9-10030-1-480x480.jpg,220000,насос/гидравлический/основной
60,Насос основной,Hyundai,r290lc-9,31q8-10030,100,https://гидро-насос.рф/wp-content/uploads/2019/02/31Q9-10030-1-480x480.jpg,220000,насос/гидравлический/основной
61,Насос основной,Hyundai,r300lc-9,31q8-10010,100,https://гидро-насос.рф/wp-content/uploads/2019/02/31Q9-10030-1-480x480.jpg,220000,насос/гидравлический/основной
62,Насос основной,Hyundai,r300lc-9,31q8-10030,100,https://гидро-насос.рф/wp-content/uploads/2019/02/31Q9-10030-1-480x480.jpg,220000,насос/гидравлический/основной
63,Насос основной,Hyundai,r320lc-7,31n9-10010,113,https://гидро-насос.рф/wp-content/uploads/2019/02/31Q9-10030-1-480x480.jpg,360000,насос/гидравлический/основной
64,Насос основной,Hyundai,r330lc-9,31q9-10080,120,https://гидро-насос.рф/wp-content/uploads/2019/02/31Q9-10030-1-480x480.jpg,360000,насос/гидравлический/основной
65,Насос основной,Hyundai,r330lc-9,31q9-10030,120,https://гидро-насос.рф/wp-content/uploads/2019/02/31Q9-10030-1-480x480.jpg,360000,насос/гидравлический/основной
66,Насос основной,Hyundai,r380lc-9,31qc-10010,126,https://гидро-насос.рф/wp-content/uploads/2019/02/31Q9-10030-1-480x480.jpg,360000,насос/гидравлический/основной
67,Насос основной,Hyundai,r380lc-9,31qa-10021,126,https://гидро-насос.рф/wp-content/uploads/2019/02/31Q9-10030-1-480x480.jpg,360000,насос/гидравлический/основной
68,Насос основной,Hyundai,r450lc-7,31qb-10030,125,https://гидро-насос.рф/wp-content/uploads/2019/02/31Q9-10030-1-480x480.jpg,360000,насос/гидравлический/основной
69,Насос основной,Hyundai,r450lc-9,31qb-10011,121,https://гидро-насос.рф/wp-content/uploads/2019/02/31Q9-10030-1-480x480.jpg,360000,насос/гидравлический/основной
70,Насос основной,Doosan,solar 225nlcv,400914-00219c,123,https://гидро-насос.рф/wp-content/uploads/2019/02/31Q9-10030-1-480x480.jpg,220000,насос/гидравлический/основной
71,Насос основной,Doosan,solar 225nlcv,401-00059,123,https://гидро-насос.рф/wp-content/uploads/2019/02/31Q9-10030-1-480x480.jpg,220000,насос/гидравлический/основной
72,Насос основной,Doosan,solar 255lcv,400914-00220с,124,https://гидро-насос.рф/wp-content/uploads/2019/02/31Q9-10030-1-480x480.jpg,220000,насос/гидравлический/основной
73,Насос основной,Doosan,solar 255lcv,401-00347,124,https://гидро-насос.рф/wp-content/uploads/2019/02/31Q9-10030-1-480x480.jpg,220000,насос/гидравлический/основной
74,Редуктор поворота,Doosan,dx225,404-00097c,407,https://1reduktor.ru/wp-content/cache/thumb/fb/ce065b3af2764fb_250x310.jpg,190000,редуктор/поворота/без мотора
75,Редуктор поворота,Doosan,dx225,k1038203,407,https://1reduktor.ru/wp-content/cache/thumb/fb/ce065b3af2764fb_250x310.jpg,190000,редуктор/поворота/без мотора
76,Редуктор поворота,Volvo,ec140,14540907,412,https://1reduktor.ru/wp-content/cache/thumb/fb/ce065b3af2764fb_250x310.jpg,190000,редуктор/поворота/без мотора
77,Редуктор поворота,Volvo,ec140,14507899,412,https://1reduktor.ru/wp-content/cache/thumb/fb/ce065b3af2764fb_250x310.jpg,190000,редуктор/поворота/без мотора
78,Редуктор поворота,Volvo,ec210,7118-30100,411,https://1reduktor.ru/wp-content/cache/thumb/fb/ce065b3af2764fb_250x310.jpg,190000,редуктор/поворота/без мотора
79,Редуктор поворота,Volvo,ec210,14541068,411,https://1reduktor.ru/wp-content/cache/thumb/fb/ce065b3af2764fb_250x310.jpg,190000,редуктор/поворота/без мотора
80,Редуктор поворота,Volvo,ec240,14577126,420,https://1reduktor.ru/wp-content/cache/thumb/fb/ce065b3af2764fb_250x310.jpg,190000,редуктор/поворота/без мотора
81,Редуктор поворота,Volvo,ec290,14504414,404,https://1reduktor.ru/wp-content/cache/thumb/fb/ce065b3af2764fb_250x310.jpg,450000,редуктор/поворота/без мотора
82,Редуктор поворота,Volvo,ec360,14668227,405,https://1reduktor.ru/wp-content/cache/thumb/fb/ce065b3af2764fb_250x310.jpg,450000,редуктор/поворота/без мотора
83,Редуктор поворота,Volvo,ec460,14541030,406,https://1reduktor.ru/wp-content/cache/thumb/fb/ce065b3af2764fb_250x310.jpg,450000,редуктор/поворота/без мотора
84,Редуктор поворота,Volvo,ec460,14614206,406,https://1reduktor.ru/wp-content/cache/thumb/fb/ce065b3af2764fb_250x310.jpg,450000,редуктор/поворота/без мотора
85,Редуктор поворота,Volvo,ec460,14541030,406,https://1reduktor.ru/wp-content/cache/thumb/fb/ce065b3af2764fb_250x310.jpg,450000,редуктор/поворота/без мотора
86,Редуктор поворота,Volvo,ec460,14614206,406,https://1reduktor.ru/wp-content/cache/thumb/fb/ce065b3af2764fb_250x310.jpg,450000,редуктор/поворота/без мотора
87,Редуктор поворота,Hyundai,r160lc-7,31n6-10180,400,https://1reduktor.ru/wp-content/cache/thumb/fb/ce065b3af2764fb_250x310.jpg,190000,редуктор/поворота/без мотора
88,Редуктор поворота,Hyundai,r170w-9,31n6-10160,400,https://1reduktor.ru/wp-content/cache/thumb/fb/ce065b3af2764fb_250x310.jpg,190000,редуктор/поворота/без мотора
89,Редуктор поворота,Hyundai,r170w-9,31n6-10180,400,https://1reduktor.ru/wp-content/cache/thumb/fb/ce065b3af2764fb_250x310.jpg,190000,редуктор/поворота/без мотора
90,Редуктор поворота,Hyundai,r170w-9,31q6-10140,400,https://1reduktor.ru/wp-content/cache/thumb/fb/ce065b3af2764fb_250x310.jpg,190000,редуктор/поворота/без мотора
91,Редуктор поворота,Hyundai,r180lc-7,31n6‑10150,250,https://1reduktor.ru/wp-content/cache/thumb/fb/ce065b3af2764fb_250x310.jpg,300000,редуктор/поворота/без мотора
92,Редуктор поворота,Hyundai,r180lc-7,31n6-10160,400,https://1reduktor.ru/wp-content/cache/thumb/fb/ce065b3af2764fb_250x310.jpg,190000,редуктор/поворота/без мотора
93,Редуктор поворота,Hyundai,r210lc-7,31n6‑10181,250,https://1reduktor.ru/wp-content/cache/thumb/fb/ce065b3af2764fb_250x310.jpg,300000,редуктор/поворота/без мотора
94,Редуктор поворота,Hyundai,r250lc-7,31en-10070,401,https://1reduktor.ru/wp-content/cache/thumb/fb/ce065b3af2764fb_250x310.jpg,180000,редуктор/поворота/без мотора
95,Редуктор поворота,Hyundai,r250lc-7,31en-10071,401,https://1reduktor.ru/wp-content/cache/thumb/fb/ce065b3af2764fb_250x310.jpg,180000,редуктор/поворота/без мотора
96,Редуктор поворота,Hyundai,r250lc-7,31en-10070,413,https://1reduktor.ru/wp-content/cache/thumb/fb/ce065b3af2764fb_250x310.jpg,190000,редуктор/поворота/без мотора
97,Редуктор поворота,Hyundai,r250lc-7,31en-10071,413,https://1reduktor.ru/wp-content/cache/thumb/fb/ce065b3af2764fb_250x310.jpg,190000,редуктор/поворота/без мотора
98,Редуктор поворота,Hyundai,r290lc-7,31e9-01052,403,https://1reduktor.ru/wp-content/cache/thumb/fb/ce065b3af2764fb_250x310.jpg,450000,редуктор/поворота/без мотора
99,Редуктор поворота,Hyundai,r290lc-7,31n8-10180,403,https://1reduktor.ru/wp-content/cache/thumb/fb/ce065b3af2764fb_250x310.jpg,450000,редуктор/поворота/без мотора
100,Редуктор поворота,Hyundai,r300lc-7,31e9-01052,403,https://1reduktor.ru/wp-content/cache/thumb/fb/ce065b3af2764fb_250x310.jpg,450000,редуктор/поворота/без мотора
101,Редуктор поворота,Hyundai,r300lc-7,31n8-10180,403,https://1reduktor.ru/wp-content/cache/thumb/fb/ce065b3af2764fb_250x310.jpg,450000,редуктор/поворота/без мотора
102,Редуктор поворота,Hyundai,r300lc-9,39q8-12101,401,https://1reduktor.ru/wp-content/cache/thumb/fb/ce065b3af2764fb_250x310.jpg,450000,редуктор/поворота/без мотора
103,Редуктор поворота,Hyundai,r300lc-9,39q8-12101,415,https://1reduktor.ru/wp-content/cache/thumb/fb/ce065b3af2764fb_250x310.jpg,450000,редуктор/поворота/без мотора
104,Редуктор поворота,Hyundai,r300lc-9,31q8-11141,415,https://1reduktor.ru/wp-content/cache/thumb/fb/ce065b3af2764fb_250x310.jpg,450000,редуктор/поворота/без мотора
105,Редуктор поворота,Hyundai,r450lc-7,31nb-11150,402,https://1reduktor.ru/wp-content/cache/thumb/fb/ce065b3af2764fb_250x310.jpg,450000,редуктор/поворота/без мотора
106,Редуктор поворота,Doosan,solar 255lcv,2101-1025k,414,https://1reduktor.ru/wp-content/cache/thumb/fb/ce065b3af2764fb_250x310.jpg,190000,редуктор/поворота/без мотора
107,Редуктор хода,Doosan,dx255,k9005007,305,https://1reduktor.ru/wp-content/cache/thumb/fb/ce065b3af2764fb_250x310.jpg,180000,редуктор/хода/без мотора
108,Редуктор хода,Doosan,dx420,401-00005a,306,https://1reduktor.ru/wp-content/cache/thumb/fb/ce065b3af2764fb_250x310.jpg,180000,редуктор/хода/без мотора
109,Редуктор хода,Volvo,ec140,14573820,300,https://1reduktor.ru/wp-content/cache/thumb/fb/ce065b3af2764fb_250x310.jpg,180000,редуктор/хода/без мотора
110,Редуктор хода,Volvo,ec210,14525366,302,https://1reduktor.ru/wp-content/cache/thumb/fb/ce065b3af2764fb_250x310.jpg,180000,редуктор/хода/без мотора
111,Редуктор хода,Volvo,ec210,14528733,302,https://1reduktor.ru/wp-content/cache/thumb/fb/ce065b3af2764fb_250x310.jpg,180000,редуктор/хода/без мотора
112,Редуктор хода,Volvo,ec240,14528735,302,https://1reduktor.ru/wp-content/cache/thumb/fb/ce065b3af2764fb_250x310.jpg,180000,редуктор/хода/без мотора
113,Редуктор хода,Volvo,ec240,14575732,302,https://1reduktor.ru/wp-content/cache/thumb/fb/ce065b3af2764fb_250x310.jpg,180000,редуктор/хода/без мотора
114,Редуктор хода,Volvo,ec290,14528258,303,https://1reduktor.ru/wp-content/cache/thumb/fb/ce065b3af2764fb_250x310.jpg,180000,редуктор/хода/без мотора
115,Редуктор хода,Volvo,ec290,14528257,303,https://1reduktor.ru/wp-content/cache/thumb/fb/ce065b3af2764fb_250x310.jpg,180000,редуктор/хода/без мотора
116,Редуктор хода,Volvo,ec290,14569763,303,https://1reduktor.ru/wp-content/cache/thumb/fb/ce065b3af2764fb_250x310.jpg,180000,редуктор/хода/без мотора
117,Редуктор хода,Hyundai,r160lc-7,xkah-00367,308,https://1reduktor.ru/wp-content/cache/thumb/fb/ce065b3af2764fb_250x310.jpg,180000,редуктор/хода/без мотора
118,Редуктор хода,Hyundai,r160lc-9,31q6-40020,309,https://1reduktor.ru/wp-content/cache/thumb/fb/ce065b3af2764fb_250x310.jpg,180000,редуктор/хода/без мотора
119,Редуктор хода,Hyundai,r180lc-7,31n6-40040,310,https://1reduktor.ru/wp-content/cache/thumb/fb/ce065b3af2764fb_250x310.jpg,180000,редуктор/хода/без мотора
120,Редуктор хода,Hyundai,r180lc-9,31q6-40020,311,https://1reduktor.ru/wp-content/cache/thumb/fb/ce065b3af2764fb_250x310.jpg,180000,редуктор/хода/без мотора
121,Редуктор хода,Hyundai,r210lc-7,xkah-01627,302,https://1reduktor.ru/wp-content/cache/thumb/fb/ce065b3af2764fb_250x310.jpg,180000,редуктор/хода/без мотора
122,Редуктор хода,Hyundai,r210lc-7,31q6-40020,302,https://1reduktor.ru/wp-content/cache/thumb/fb/ce065b3af2764fb_250x310.jpg,180000,редуктор/хода/без мотора
123,Редуктор хода,Hyundai,r210lc-7,31n6-40041,302,https://1reduktor.ru/wp-content/cache/thumb/fb/ce065b3af2764fb_250x310.jpg,180000,редуктор/хода/без мотора
124,Редуктор хода,Hyundai,r210lc-9,31q6-40020,312,https://1reduktor.ru/wp-content/cache/thumb/fb/ce065b3af2764fb_250x310.jpg,180000,редуктор/хода/без мотора
125,Редуктор хода,Hyundai,r210lc-9,39q6-42100,312,https://1reduktor.ru/wp-content/cache/thumb/fb/ce065b3af2764fb_250x310.jpg,180000,редуктор/хода/без мотора
126,Редуктор хода,Hyundai,r220lc-9,39q6-42100,313,https://1reduktor.ru/wp-content/cache/thumb/fb/ce065b3af2764fb_250x310.jpg,180000,редуктор/хода/без мотора
127,Редуктор хода,Hyundai,r250lc-7,xkah-00901,302,https://1reduktor.ru/wp-content/cache/thumb/fb/ce065b3af2764fb_250x310.jpg,180000,редуктор/хода/без мотора
128,Редуктор хода,Hyundai,r250lc-7,1.404-00001,302,https://1reduktor.ru/wp-content/cache/thumb/fb/ce065b3af2764fb_250x310.jpg,180000,редуктор/хода/без мотора
129,Редуктор хода,Hyundai,r250lc-7,xkah-01627,302,https://1reduktor.ru/wp-content/cache/thumb/fb/ce065b3af2764fb_250x310.jpg,180000,редуктор/хода/без мотора
130,Редуктор хода,Hyundai,r260lc-9,xkah-01577,314,https://1reduktor.ru/wp-content/cache/thumb/fb/ce065b3af2764fb_250x310.jpg,220000,редуктор/хода/без мотора
131,Редуктор хода,Hyundai,r260lc-9,39q7-42100,314,https://1reduktor.ru/wp-content/cache/thumb/fb/ce065b3af2764fb_250x310.jpg,220000,редуктор/хода/без мотора
132,Редуктор хода,Hyundai,r290lc-7,31n8-40070,315,https://1reduktor.ru/wp-content/cache/thumb/fb/ce065b3af2764fb_250x310.jpg,220000,редуктор/хода/без мотора
133,Редуктор хода,Hyundai,r290lc-7,34n8-40050,315,https://1reduktor.ru/wp-content/cache/thumb/fb/ce065b3af2764fb_250x310.jpg,220000,редуктор/хода/без мотора
134,Редуктор хода,Hyundai,r290lc-7,31n8-40072,315,https://1reduktor.ru/wp-content/cache/thumb/fb/ce065b3af2764fb_250x310.jpg,220000,редуктор/хода/без мотора
135,Редуктор хода,Hyundai,r290lc-9,31q9-40020,316,https://1reduktor.ru/wp-content/cache/thumb/fb/ce065b3af2764fb_250x310.jpg,220000,редуктор/хода/без мотора
136,Редуктор хода,Hyundai,r290lc-9,31q9-40021,316,https://1reduktor.ru/wp-content/cache/thumb/fb/ce065b3af2764fb_250x310.jpg,220000,редуктор/хода/без мотора
137,Редуктор хода,Hyundai,r300lc-9,31q9-40021,316,https://1reduktor.ru/wp-content/cache/thumb/fb/ce065b3af2764fb_250x310.jpg,220000,редуктор/хода/без мотора
138,Редуктор хода,Hyundai,r300lc-9,31q9-40022,316,https://1reduktor.ru/wp-content/cache/thumb/fb/ce065b3af2764fb_250x310.jpg,220000,редуктор/хода/без мотора
139,Редуктор хода,Hyundai,r300lc-9,31q9-40023,316,https://1reduktor.ru/wp-content/cache/thumb/fb/ce065b3af2764fb_250x310.jpg,220000,редуктор/хода/без мотора
140,Редуктор хода,Hyundai,r320lc-7,xjck-00081,317,https://1reduktor.ru/wp-content/cache/thumb/fb/ce065b3af2764fb_250x310.jpg,220000,редуктор/хода/без мотора
141,Редуктор хода,Hyundai,r330lc-9,31q9-40021,318,https://1reduktor.ru/wp-content/cache/thumb/fb/ce065b3af2764fb_250x310.jpg,220000,редуктор/хода/без мотора
142,Редуктор хода,Hyundai,r360lc-7,xjbn-00645,319,https://1reduktor.ru/wp-content/cache/thumb/fb/ce065b3af2764fb_250x310.jpg,300000,редуктор/хода/без мотора
143,Редуктор хода,Hyundai,r360lc-7,xjbn-00993,319,https://1reduktor.ru/wp-content/cache/thumb/fb/ce065b3af2764fb_250x310.jpg,300000,редуктор/хода/без мотора
144,Редуктор хода,Doosan,solar 225lcv,1.404-00001,304,https://1reduktor.ru/wp-content/cache/thumb/fb/ce065b3af2764fb_250x310.jpg,180000,редуктор/хода/без мотора
145,Редуктор хода,Doosan,solar 225lcv,40400001,304,https://1reduktor.ru/wp-content/cache/thumb/fb/ce065b3af2764fb_250x310.jpg,180000,редуктор/хода/без мотора
146,Редуктор хода,Doosan,solar 225lcv,404-00001,304,https://1reduktor.ru/wp-content/cache/thumb/fb/ce065b3af2764fb_250x310.jpg,180000,редуктор/хода/без мотора
147,Редуктор хода в сборе,Doosan,dx225,170401-00039,150,https://1reduktor.ru/wp-content/cache/thumb/fb/ce065b3af2764fb_250x310.jpg,120000,редуктор/хода/в сборе
148,Редуктор хода в сборе,Doosan,dx255,k1011413a,150,https://1reduktor.ru/wp-content/cache/thumb/fb/ce065b3af2764fb_250x310.jpg,120000,редуктор/хода/в сборе
149,Редуктор хода в сборе,Doosan,dx255,170401-00042a,150,https://1reduktor.ru/wp-content/cache/thumb/fb/ce065b3af2764fb_250x310.jpg,120000,редуктор/хода/в сборе
150,Редуктор хода в сборе,Doosan,dx255,401-00023,150,https://1reduktor.ru/wp-content/cache/thumb/fb/ce065b3af2764fb_250x310.jpg,120000,редуктор/хода/в сборе
151,Редуктор хода в сборе,Doosan,dx340,k1003134,156,https://1reduktor.ru/wp-content/cache/thumb/fb/ce065b3af2764fb_250x310.jpg,180000,редуктор/хода/в сборе
152,Редуктор хода в сборе,Doosan,dx340,14603461,170,https://1reduktor.ru/wp-content/cache/thumb/fb/ce065b3af2764fb_250x310.jpg,300000,редуктор/хода/в сборе
153,Редуктор хода в сборе,Doosan,dx340,14603461,170,https://1reduktor.ru/wp-content/cache/thumb/fb/ce065b3af2764fb_250x310.jpg,300000,редуктор/хода/в сборе
154,Редуктор хода в сборе,Doosan,dx340,14551150,170,https://1reduktor.ru/wp-content/cache/thumb/fb/ce065b3af2764fb_250x310.jpg,300000,редуктор/хода/в сборе
155,Редуктор хода в сборе,Doosan,dx340,14551150,170,https://1reduktor.ru/wp-content/cache/thumb/fb/ce065b3af2764fb_250x310.jpg,300000,редуктор/хода/в сборе
156,Редуктор хода в сборе,Volvo,ec240,k1037757,150,https://1reduktor.ru/wp-content/cache/thumb/fb/ce065b3af2764fb_250x310.jpg,120000,редуктор/хода/в сборе
157,Редуктор хода в сборе,Volvo,ec360,7117-45060,170,https://1reduktor.ru/wp-content/cache/thumb/fb/ce065b3af2764fb_250x310.jpg,300000,редуктор/хода/в сборе
158,Редуктор хода в сборе,Volvo,ec360,14528259,170,https://1reduktor.ru/wp-content/cache/thumb/fb/ce065b3af2764fb_250x310.jpg,300000,редуктор/хода/в сборе
159,Редуктор хода в сборе,Volvo,ec360,14603461,170,https://1reduktor.ru/wp-content/cache/thumb/fb/ce065b3af2764fb_250x310.jpg,300000,редуктор/хода/в сборе
160,Редуктор хода в сборе,Volvo,ec360,14603461,170,https://1reduktor.ru/wp-content/cache/thumb/fb/ce065b3af2764fb_250x310.jpg,300000,редуктор/хода/в сборе
161,Редуктор хода в сборе,Volvo,ec360,14551150,170,https://1reduktor.ru/wp-content/cache/thumb/fb/ce065b3af2764fb_250x310.jpg,300000,редуктор/хода/в сборе
162,Редуктор хода в сборе,Volvo,ec360,14551150,170,https://1reduktor.ru/wp-content/cache/thumb/fb/ce065b3af2764fb_250x310.jpg,300000,редуктор/хода/в сборе
163,Редуктор хода в сборе,Volvo,ec380,14603461,170,https://1reduktor.ru/wp-content/cache/thumb/fb/ce065b3af2764fb_250x310.jpg,300000,редуктор/хода/в сборе
164,Редуктор хода в сборе,Volvo,ec380,14603461,170,https://1reduktor.ru/wp-content/cache/thumb/fb/ce065b3af2764fb_250x310.jpg,300000,редуктор/хода/в сборе
165,Редуктор хода в сборе,Volvo,ec380,14551150,170,https://1reduktor.ru/wp-content/cache/thumb/fb/ce065b3af2764fb_250x310.jpg,300000,редуктор/хода/в сборе
166,Редуктор хода в сборе,Volvo,ec380,14551150,170,https://1reduktor.ru/wp-content/cache/thumb/fb/ce065b3af2764fb_250x310.jpg,300000,редуктор/хода/в сборе
167,Редуктор хода в сборе,Hyundai,r160lc-7,31n5-40010,158,https://1reduktor.ru/wp-content/cache/thumb/fb/ce065b3af2764fb_250x310.jpg,180000,редуктор/хода/в сборе
168,Редуктор хода в сборе,Hyundai,r160lc-7,31n5-40010bg,158,https://1reduktor.ru/wp-content/cache/thumb/fb/ce065b3af2764fb_250x310.jpg,180000,редуктор/хода/в сборе
169,Редуктор хода в сборе,Hyundai,r180lc-7,xkah-00474,160,https://1reduktor.ru/wp-content/cache/thumb/fb/ce065b3af2764fb_250x310.jpg,180000,редуктор/хода/в сборе
170,Редуктор хода в сборе,Hyundai,r180lc-9,31q6-40121,161,https://1reduktor.ru/wp-content/cache/thumb/fb/ce065b3af2764fb_250x310.jpg,180000,редуктор/хода/в сборе
171,Редуктор хода в сборе,Hyundai,r210lc-7,31n6-40060,150,https://1reduktor.ru/wp-content/cache/thumb/fb/ce065b3af2764fb_250x310.jpg,120000,редуктор/хода/в сборе
172,Редуктор хода в сборе,Hyundai,r210lc-7,31n6-40040bg,150,https://1reduktor.ru/wp-content/cache/thumb/fb/ce065b3af2764fb_250x310.jpg,120000,редуктор/хода/в сборе
173,Редуктор хода в сборе,Hyundai,r210lc-7,31n6-40050,150,https://1reduktor.ru/wp-content/cache/thumb/fb/ce065b3af2764fb_250x310.jpg,120000,редуктор/хода/в сборе
174,Редуктор хода в сборе,Hyundai,r210lc-7,31n6-40051,150,https://1reduktor.ru/wp-content/cache/thumb/fb/ce065b3af2764fb_250x310.jpg,120000,редуктор/хода/в сборе
175,Редуктор хода в сборе,Hyundai,r210lc-7,31n7-40010,150,https://1reduktor.ru/wp-content/cache/thumb/fb/ce065b3af2764fb_250x310.jpg,120000,редуктор/хода/в сборе
176,Редуктор хода в сборе,Hyundai,r210lc-7,31n7-40021,150,https://1reduktor.ru/wp-content/cache/thumb/fb/ce065b3af2764fb_250x310.jpg,120000,редуктор/хода/в сборе
177,Редуктор хода в сборе,Hyundai,r250lc-7,31n6-40050,150,https://1reduktor.ru/wp-content/cache/thumb/fb/ce065b3af2764fb_250x310.jpg,120000,редуктор/хода/в сборе
178,Редуктор хода в сборе,Hyundai,r250lc-7,31n6-40051,150,https://1reduktor.ru/wp-content/cache/thumb/fb/ce065b3af2764fb_250x310.jpg,120000,редуктор/хода/в сборе
179,Редуктор хода в сборе,Hyundai,r250lc-7,31n7-40010,150,https://1reduktor.ru/wp-content/cache/thumb/fb/ce065b3af2764fb_250x310.jpg,120000,редуктор/хода/в сборе
180,Редуктор хода в сборе,Hyundai,r250lc-7,31n7-40021,150,https://1reduktor.ru/wp-content/cache/thumb/fb/ce065b3af2764fb_250x310.jpg,120000,редуктор/хода/в сборе
181,Редуктор хода в сборе,Hyundai,r220lc-9,31n6-40050,150,https://1reduktor.ru/wp-content/cache/thumb/fb/ce065b3af2764fb_250x310.jpg,120000,редуктор/хода/в сборе
182,Редуктор хода в сборе,Hyundai,r220lc-9,31n6-40051,150,https://1reduktor.ru/wp-content/cache/thumb/fb/ce065b3af2764fb_250x310.jpg,120000,редуктор/хода/в сборе
183,Редуктор хода в сборе,Hyundai,r220lc-9,31n7-40010,150,https://1reduktor.ru/wp-content/cache/thumb/fb/ce065b3af2764fb_250x310.jpg,120000,редуктор/хода/в сборе
184,Редуктор хода в сборе,Hyundai,r220lc-9,31n7-40021,150,https://1reduktor.ru/wp-content/cache/thumb/fb/ce065b3af2764fb_250x310.jpg,120000,редуктор/хода/в сборе
185,Редуктор хода в сборе,Hyundai,r210lc-9,31q6-40022,162,https://1reduktor.ru/wp-content/cache/thumb/fb/ce065b3af2764fb_250x310.jpg,180000,редуктор/хода/в сборе
186,Редуктор хода в сборе,Hyundai,r210lc-9,31q6-40031,162,https://1reduktor.ru/wp-content/cache/thumb/fb/ce065b3af2764fb_250x310.jpg,180000,редуктор/хода/в сборе
187,Редуктор хода в сборе,Hyundai,r220lc-9,39q6-40100,162,https://1reduktor.ru/wp-content/cache/thumb/fb/ce065b3af2764fb_250x310.jpg,180000,редуктор/хода/в сборе
188,Редуктор хода в сборе,Hyundai,r250lc-7,31n7-40010,150,https://1reduktor.ru/wp-content/cache/thumb/fb/ce065b3af2764fb_250x310.jpg,120000,редуктор/хода/в сборе
189,Редуктор хода в сборе,Hyundai,r250lc-7,31n7-40020,150,https://1reduktor.ru/wp-content/cache/thumb/fb/ce065b3af2764fb_250x310.jpg,120000,редуктор/хода/в сборе
190,Редуктор хода в сборе,Hyundai,r250lc-7,31n7-40021,150,https://1reduktor.ru/wp-content/cache/thumb/fb/ce065b3af2764fb_250x310.jpg,120000,редуктор/хода/в сборе
191,Редуктор хода в сборе,Hyundai,r260lc-9,39q8-40010,163,https://1reduktor.ru/wp-content/cache/thumb/fb/ce065b3af2764fb_250x310.jpg,220000,редуктор/хода/в сборе
192,Редуктор хода в сборе,Hyundai,r290lc-7,31n8-40050,164,https://1reduktor.ru/wp-content/cache/thumb/fb/ce065b3af2764fb_250x310.jpg,220000,редуктор/хода/в сборе
193,Редуктор хода в сборе,Hyundai,r290lc-7,31n8-40071,164,https://1reduktor.ru/wp-content/cache/thumb/fb/ce065b3af2764fb_250x310.jpg,220000,редуктор/хода/в сборе
194,Редуктор хода в сборе,Hyundai,r290lc-9,31q8-40060,165,https://1reduktor.ru/wp-content/cache/thumb/fb/ce065b3af2764fb_250x310.jpg,220000,редуктор/хода/в сборе
195,Редуктор хода в сборе,Hyundai,r300lc-9,31q8-40061,165,https://1reduktor.ru/wp-content/cache/thumb/fb/ce065b3af2764fb_250x310.jpg,220000,редуктор/хода/в сборе
196,Редуктор хода в сборе,Hyundai,r320lc-7,31n9-40020bg,166,https://1reduktor.ru/wp-content/cache/thumb/fb/ce065b3af2764fb_250x310.jpg,220000,редуктор/хода/в сборе
197,Редуктор хода в сборе,Hyundai,r330lc-9,31q9-40031,167,https://1reduktor.ru/wp-content/cache/thumb/fb/ce065b3af2764fb_250x310.jpg,220000,редуктор/хода/в сборе
198,Редуктор хода в сборе,Hyundai,r330lc-9,31q9-40033,167,https://1reduktor.ru/wp-content/cache/thumb/fb/ce065b3af2764fb_250x310.jpg,220000,редуктор/хода/в сборе
199,Редуктор хода в сборе,Hyundai,r360lc-7,31na-40020,170,https://1reduktor.ru/wp-content/cache/thumb/fb/ce065b3af2764fb_250x310.jpg,300000,редуктор/хода/в сборе
200,Редуктор хода в сборе,Hyundai,r360lc-7,31na-40010,170,https://1reduktor.ru/wp-content/cache/thumb/fb/ce065b3af2764fb_250x310.jpg,300000,редуктор/хода/в сборе
201,Редуктор хода в сборе,Hyundai,r360lc-7,xkah-01061,170,https://1reduktor.ru/wp-content/cache/thumb/fb/ce065b3af2764fb_250x310.jpg,300000,редуктор/хода/в сборе
202,Редуктор хода в сборе,Hyundai,r360lc-7,31na-40010,170,https://1reduktor.ru/wp-content/cache/thumb/fb/ce065b3af2764fb_250x310.jpg,300000,редуктор/хода/в сборе
203,Редуктор хода в сборе,Doosan,solar 255lcv,k9000395,154,https://1reduktor.ru/wp-content/cache/thumb/fb/ce065b3af2764fb_250x310.jpg,180000,редуктор/хода/в сборе